{"cameraMode":{"drawMode":2,"name":"Shaded Wireframe","section":"Shading Mode"},"sceneLighting":true,"audioPlay":false,"sceneViewState":{"showFog":true,"showMaterialUpdate":false,"showSkybox":true,"showFlares":true,"showImageEffects":true,"showParticleSystems":true},"in2DMode":false,"pivot":{"x":2.4407081604003908,"y":-2.76336669921875,"z":-3.3082056045532228},"rotation":{"x":0.1482495814561844,"y":0.8215116858482361,"z":-0.24767827987670899,"w":0.491727739572525},"size":27.26742935180664,"orthographic":false}